tconst	titleType	primaryTitle	originalTitle	isAdult	startYear	endYear	runtimeMinutes	genres
tt0000001	short	Carmencita	Carmencita	0	1894	\N	1	Documentary,Short
tt0000002	short	Le clown et ses chiens	Le clown et ses chiens	0	1892	\N	5	Animation,Short
tt0000003	short	Pauvre Pierrot	Pauvre Pierrot	0	1892	\N	4	Animation,Comedy,Romance
tt0000004	short	Un bon bock	Un bon bock	0	1892	\N	\N	Animation,Short
tt0000005	short	Blacksmith Scene	Blacksmith Scene	0	1893	\N	1	Short
tt0000006	short	Chinese Opium Den	Chinese Opium Den	0	1894	\N	1	Short
tt0000007	short	Corbett and Courtney Before the Kinetograph	Corbett and Courtney Before the Kinetograph	0	1894	\N	1	Short,Sport
tt0000008	short	Edison Kinetoscopic Record of a Sneeze	Edison Kinetoscopic Record of a Sneeze	0	1894	\N	1	Documentary,Short
tt0000009	movie	Miss Jerry	Miss Jerry	0	1894	\N	45	Romance
tt0000010	short	Employees Leaving the Lumière Factory	La sortie de l'usine Lumière à Lyon	0	1895	\N	1	Documentary,Short
tt0000011	short	Akrobatisches Potpourri	Akrobatisches Potpourri	0	1895	\N	1	Documentary,Short
tt0000012	short	The Arrival of a Train	L'arrivée d'un train à La Ciotat	0	1896	\N	1	Documentary,Short
tt0000013	short	The Photographical Congress Arrives in Lyon	Neuville-sur-Saône: Débarquement du congrès des photographes à Lyon	0	1895	\N	1	Documentary,Short
tt0000014	short	Tables Turned on the Gardener	L'arroseur arrosé	0	1895	\N	1	Comedy,Short
tt0000015	short	Autour d'une cabine	Autour d'une cabine	0	1894	\N	2	Animation,Short
tt0000016	short	Barque sortant du port	Barque sortant du port	0	1895	\N	1	Documentary,Short
tt0000017	short	Italienischer Bauerntanz	Italienischer Bauerntanz	0	1895	\N	1	Documentary,Short
tt0000018	short	Das boxende Känguruh	Das boxende Känguruh	0	1895	\N	1	Short
tt0000019	short	The Clown Barber	The Clown Barber	0	1898	\N	\N	Comedy,Short
tt0000020	short	The Derby 1895	The Derby 1895	0	1895	\N	1	Documentary,Short,Sport
tt0000022	short	Blacksmith Scene	Les forgerons	0	1895	\N	1	Documentary,Short
tt0000023	short	The Sea	Baignade en mer	0	1895	\N	1	Documentary,Short
tt0000024	short	Opening of the Kiel Canal	Opening of the Kiel Canal	0	1895	\N	\N	News,Short
tt0000025	short	The Oxford and Cambridge University Boat Race	The Oxford and Cambridge University Boat Race	0	1895	\N	\N	News,Short,Sport
tt0000026	short	The Messers. Lumière at Cards	Partie d'écarté	0	1896	\N	1	Documentary,Short
tt0000027	short	Cordeliers' Square in Lyon	Place des Cordeliers à Lyon	0	1895	\N	1	Documentary,Short
tt0000028	short	Fishing for Goldfish	La pêche aux poissons rouges	0	1895	\N	1	Documentary,Short
tt0000029	short	Baby's Dinner	Repas de bébé	0	1895	\N	1	Documentary,Short
tt0000030	short	Rough Sea at Dover	Rough Sea at Dover	0	1895	\N	1	Documentary,Short
tt0000031	short	Jumping the Blanket	Le saut à la couverture	0	1895	\N	1	Documentary,Short
tt0000032	short	Die Serpentintänzerin	Die Serpentintänzerin	0	1895	\N	1	Short
tt0000033	short	Trick Riding	La voltige	0	1895	\N	1	Comedy,Documentary,Short
tt0000034	short	Arrivée d'un train gare de Vincennes	Arrivée d'un train gare de Vincennes	0	1896	\N	\N	Documentary,Short
tt0000035	short	Watering the Flowers	L'arroseur	0	1896	\N	\N	Comedy,Short
tt0000036	short	Awakening of Rip	Awakening of Rip	0	1896	\N	0	Drama,Short
tt0000037	short	Sea Bathing	Baignade en mer	0	1896	\N	1	Short
tt0000038	short	The Ball Game	The Ball Game	0	1898	\N	\N	Documentary,Short,Sport
tt0000039	short	Barnet Horse Fair	Barnet Horse Fair	0	1896	\N	\N	Short
tt0000040	short	Barque sortant du port de Trouville	Barque sortant du port de Trouville	0	1896	\N	\N	Documentary,Short
tt0000041	short	Bataille de neige	Bataille de neige	0	1897	\N	1	Documentary,Short
tt0000042	short	Bateau-mouche sur la Seine	Bateau-mouche sur la Seine	0	1896	\N	\N	Documentary,Short
tt0000043	short	Batteuse à vapeur	Batteuse à vapeur	0	1896	\N	\N	Documentary,Short
tt0000044	short	Le bivouac	Le bivouac	0	1896	\N	\N	Short
tt0000045	short	Les blanchisseuses	Les blanchisseuses	0	1896	\N	\N	Short
tt0000046	short	Bois de Boulogne	Bois de Boulogne	0	1896	\N	\N	Documentary,Short
tt0000047	short	Boulevard des Italiens	Boulevard des Italiens	0	1896	\N	\N	Documentary,Short
tt0000048	short	The Boxing Kangaroo	The Boxing Kangaroo	0	1896	\N	\N	Short
tt0000049	short	Boxing Match; or, Glove Contest	Boxing Match; or, Glove Contest	0	1896	\N	\N	Short,Sport
tt0000050	short	Bébé et fillettes	Bébé et fillettes	0	1896	\N	\N	Documentary,Short
tt0000051	short	The Bohemian Encampment	Campement de bohémiens	0	1896	\N	\N	Documentary,Short
tt0000052	short	Carga de rurales	Carga de rurales	0	1896	\N	1	Documentary,Short
tt0000053	short	A Chegada do Comboio Inaugural à Estação Central do Porto	A Chegada do Comboio Inaugural à Estação Central do Porto	0	1897	\N	\N	Documentary,Short
tt0000054	short	A Merry-Go-Round	Les chevaux de bois	0	1896	\N	\N	Short
tt0000055	short	Le chiffonnier	Le chiffonnier	0	1896	\N	\N	Short
tt0000056	short	Uma Corrida de Touros no Campo Pequeno	Uma Corrida de Touros no Campo Pequeno	0	1896	\N	\N	Short
tt0000057	short	Cortège de tzar allant à Versailles	Cortège de tzar allant à Versailles	0	1896	\N	\N	Documentary,Short
tt0000058	short	Cortège de tzar au Bois de Boulogne	Cortège de tzar au Bois de Boulogne	0	1896	\N	\N	Documentary,Short
tt0000059	short	Coronation of a Village Maiden	Couronnement de la rosière	0	1896	\N	\N	Short
tt0000060	short	Dancing Darkies	Dancing Darkies	0	1896	\N	\N	Documentary,Short
tt0000061	short	Dancing Girls	Dancing Girls	0	1896	\N	\N	Short
tt0000062	short	Danse serpentine	Danse serpentine	0	1896	\N	\N	Short
tt0000063	short	Dessinateur express	Dessinateur express	0	1896	\N	\N	Short
tt0000064	short	Dessinateur: Chamberlain	Dessinateur: Chamberlain	0	1896	\N	\N	Short
tt0000065	short	Dessinateur: Reine Victoria	Dessinateur: Reine Victoria	0	1896	\N	\N	Short
tt0000066	short	Dessinateur: Von Bismark	Dessinateur: Von Bismark	0	1896	\N	\N	Short
tt0000067	short	Conjurer Making Ten Hats in Sixty Seconds	Dix chapeaux en 60 secondes	0	1896	\N	\N	Fantasy,Short
tt0000068	short	Unloading the Boat	Déchargement de bateaux	0	1896	\N	\N	Documentary,Short
tt0000069	short	Post No Bills	Défense d'afficher	0	1896	\N	1	Short
tt0000070	short	Démolition d'un mur	Démolition d'un mur	0	1896	\N	1	Documentary,Short
tt0000071	short	Automobiles Starting a Race	Départ des automobiles	0	1896	\N	\N	Short,Sport
tt0000072	short	Officers of French Army Leaving Service	Départ des officiers	0	1896	\N	\N	Short
tt0000073	short	Effets de mer sur les rochers	Effets de mer sur les rochers	0	1896	\N	\N	Documentary,Short
tt0000074	short	Enfants jouant sur la plage	Enfants jouant sur la plage	0	1896	\N	\N	Documentary,Short
tt0000075	short	The Conjuring of a Woman at the House of Robert Houdin	Escamotage d'une dame au théâtre Robert Houdin	0	1896	\N	1	Horror,Short
tt0000076	short	Exit of Rip and the Dwarf	Exit of Rip and the Dwarf	0	1896	\N	1	Drama,Short
tt0000077	short	Le fakir, mystère indien	Le fakir, mystère indien	0	1896	\N	\N	Short
tt0000078	short	Feira de Gado na Corujeira	Feira de Gado na Corujeira	0	1896	\N	1	Documentary,Short
tt0000079	short	La gare Saint-Lazare	La gare Saint-Lazare	0	1896	\N	\N	Documentary,Short
tt0000080	short	Grandes manoeuvres	Grandes manoeuvres	0	1896	\N	\N	Documentary,Short
tt0000081	short	Towing a Boat on the River	Les haleurs de bateaux	0	1896	\N	\N	Documentary,Short
tt0000082	short	A Hard Wash	A Hard Wash	0	1896	\N	\N	Comedy,Short
tt0000083	short	Les indiscrets	Les indiscrets	0	1896	\N	\N	Short
tt0000084	short	Les ivrognes	Les ivrognes	0	1896	\N	\N	Short
tt0000085	short	Gardener Burning Weeds	Jardinier brûlant des herbes	0	1896	\N	\N	Short
tt0000086	short	Beach and Pier at Trouville, 1st part	Jetée et plage de Trouville (1er partie)	0	1896	\N	\N	Documentary,Short
tt0000087	short	Beach and Pier at Trouville, 2nd part	Jetée et plage de Trouville (2e partie)	0	1896	\N	\N	Documentary,Short
tt0000088	short	Market Day	Jour de marché à Trouville	0	1896	\N	\N	Documentary,Short
tt0000089	short	Leaving Jerusalem by Railway	Départ de Jérusalem en chemin de fer	0	1897	\N	1	Documentary,Short
tt0000090	short	Libération des territoriaux	Libération des territoriaux	0	1896	\N	\N	Documentary,Short
tt0000091	short	The House of the Devil	Le manoir du diable	0	1896	\N	3	Horror,Short
tt0000092	short	Marée montante sur Brise-Larmes	Marée montante sur Brise-Larmes	0	1896	\N	\N	Documentary,Short
tt0000093	short	Melbourne	Melbourne	0	1896	\N	\N	Documentary,Short
tt0000094	short	Miss de Vere	Miss de Vere	0	1896	\N	\N	Short
tt0000095	short	The Mysterious Paper	Le papier protée	0	1896	\N	\N	Short
tt0000096	short	Place Saint-Augustin	Place Saint-Augustin	0	1896	\N	\N	Documentary,Short
tt0000097	short	Place de l'Opéra, First View	Place de l'Opéra, 1er aspect	0	1896	\N	\N	Documentary,Short
tt0000098	short	Place de l'Opéra, Second View	Place de l'Opéra, 2e aspect	0	1896	\N	\N	Documentary,Short
tt0000099	short	Place de la Bastille	Place de la Bastille	0	1896	\N	\N	Documentary,Short
tt0000100	short	Place de la Concorde	Place de la Concorde	0	1896	\N	\N	Documentary,Short
tt0000101	short	Place du théâtre français	Place du théâtre français	0	1896	\N	\N	Documentary,Short
tt0000102	short	The Beach at Villiers in a Gale	Plage de Villiers par gros temps	0	1896	\N	\N	Short
tt0000103	short	Smarter than the Teacher	Plus fort que le maître	0	1896	\N	\N	Short
tt0000104	short	Pompiers à Lyon	Pompiers à Lyon	0	1896	\N	1	Documentary,Short
tt0000105	short	The Docks at Marseilles	Les quais à Marseille	0	1896	\N	\N	Documentary,Short
tt0000106	short	Retour au cantonnement	Retour au cantonnement	0	1896	\N	\N	Short
tt0000107	short	Naval Review at Cherburg	Revue navale à Cherbourg	0	1896	\N	\N	Documentary,Short
tt0000108	short	Rip Leaving Sleepy Hollow	Rip Leaving Sleepy Hollow	0	1896	\N	1	Drama,Short
tt0000109	short	Rip Meeting the Dwarf	Rip Meeting the Dwarf	0	1896	\N	1	Fantasy,Short
tt0000110	short	Rip Passing Over the Mountain	Rip Passing Over the Mountain	0	1896	\N	1	Fantasy,Short
tt0000111	short	Rip's Toast	Rip's Toast	0	1896	\N	1	Drama,Short
tt0000112	short	Rip's Toast to Hudson	Rip's Toast to Hudson	0	1896	\N	1	Fantasy,Short
tt0000113	short	Rip's Twenty Years' Sleep	Rip's Twenty Years' Sleep	0	1896	\N	0	Drama,Short
tt0000114	short	French Regiment Going to the Parade	Le régiment	0	1896	\N	\N	Documentary,Short
tt0000115	short	Réunion d'officiers	Réunion d'officiers	0	1896	\N	\N	Documentary,Short
tt0000116	short	Sac au dos	Sac au dos	0	1896	\N	\N	Short
tt0000117	short	Saída do Pessoal Operário da Fábrica Confiança	Saída do Pessoal Operário da Fábrica Confiança	0	1896	\N	1	Documentary,Short
tt0000118	short	Salut malencontreux d'un déserteur	Salut malencontreux d'un déserteur	0	1896	\N	\N	Short
tt0000119	short	Rescue on the River, Pt. 2	Sauvetage en rivière, 1er	0	1896	\N	\N	Documentary,Short
tt0000120	short	Rescue on the River, Pt. 1	Sauvetage en rivière, 2e	0	1896	\N	\N	Documentary,Short
tt0000121	short	The Soldier's Courtship	The Soldier's Courtship	0	1896	\N	\N	Comedy,Short
tt0000122	short	Closing Hours at Vibert's Perfume Factory	Sortie des ateliers Vibert	0	1896	\N	\N	Documentary,Short
tt0000123	short	Conjuring	Séance de prestidigitation	0	1896	\N	\N	Short
tt0000124	short	Tempête sur la jetée du treport	Tempête sur la jetée du treport	0	1896	\N	\N	Documentary,Short
tt0000125	short	The Terrible Railway Accident	The Terrible Railway Accident	0	1896	\N	\N	Short
tt0000126	short	Tom Old Boot	Tom Old Boot	0	1896	\N	\N	Short
tt0000127	short	Les tribulations d'un concierge	Les tribulations d'un concierge	0	1896	\N	\N	Comedy,Short
tt0000128	short	Academy for Young Ladies	Un lycée de jeunes filles	0	1896	\N	\N	Short
tt0000129	short	Un petit diable	Un petit diable	0	1896	\N	\N	Short
tt0000130	short	Une altercation au café	Une altercation au café	0	1896	\N	\N	Short
tt0000131	short	A Terrible Night	Une nuit terrible	0	1896	\N	1	Comedy,Horror,Short
tt0000132	short	Card Party	Une partie de cartes	0	1896	\N	1	Biography,Short
tt0000133	short	La voiture du potier	La voiture du potier	0	1896	\N	\N	Short
tt0000134	short	The Wandering Negro Minstrels	The Wandering Negro Minstrels	0	1896	\N	\N	Music,Short
tt0000135	short	A Watermelon Feast	A Watermelon Feast	0	1896	\N	\N	Documentary,Short
tt0000136	short	L'arroseur arrosé	L'arroseur arrosé	0	1897	\N	1	Comedy,Short
tt0000137	short	Au réfectoire	Au réfectoire	0	1897	\N	\N	Comedy,Short
tt0000138	short	The Bewitched Inn	L'auberge ensorcelée	0	1897	\N	2	Comedy,Horror,Short
tt0000139	short	L'aveugle	L'aveugle	0	1897	\N	\N	Short
tt0000140	short	Baignade dans le torrent	Baignade dans le torrent	0	1897	\N	1	Short
tt0000141	short	Ballet libella	Ballet libella	0	1897	\N	\N	Documentary,Short
tt0000142	short	Buffalo Bill and Escort	Buffalo Bill and Escort	0	1897	\N	\N	News,Short
tt0000143	short	Les cambrioleurs	Les cambrioleurs	0	1897	\N	1	Comedy,Short
tt0000144	short	Chez le magnétiseur	Chez le magnétiseur	0	1897	\N	1	Comedy,Short
tt0000145	short	En classe	En classe	0	1897	\N	\N	Comedy,Short
tt0000146	short	Le cocher de fiacre endormi	Le cocher de fiacre endormi	0	1897	\N	\N	Comedy,Short
tt0000147	movie	The Corbett-Fitzsimmons Fight	The Corbett-Fitzsimmons Fight	0	1897	\N	20	Documentary,News,Sport
tt0000148	short	Le Coucher d'Yvette	Le Coucher d'Yvette	0	1897	\N	\N	Short
tt0000149	short	Behind the Scenes	Dans les coulisses	0	1897	\N	\N	Comedy,Short
tt0000150	short	Danse fleur de lotus	Danse fleur de lotus	0	1897	\N	1	Documentary,Short
tt0000151	short	Faust et Marguerite	Faust et Marguerite	0	1897	\N	\N	Short
tt0000152	short	The Hallucinated Alchemist	L'hallucination de l'alchimiste	0	1897	\N	2	Fantasy,Horror,Short
tt0000153	short	The Haunted Castle	The Haunted Castle	0	1897	\N	1	Horror,Short
tt0000154	short	Henley Regatta	Henley Regatta	0	1897	\N	\N	News,Short,Sport
tt0000155	short	The Hypnotist at Work	Le magnétiseur	0	1897	\N	\N	Short
tt0000156	short	A Badly Managed Hotel	L'hôtel empoisonné	0	1896	\N	\N	Comedy,Short
tt0000157	short	Idylle	Idylle	0	1897	\N	\N	Short
tt0000158	short	Idylle interrompue	Idylle interrompue	0	1897	\N	\N	Comedy,Short
tt0000159	short	The Devil's Laboratory	Le cabinet de Méphistophélès	0	1897	\N	1	Horror,Short
tt0000160	short	The Last Days of Pompeii	The Last Days of Pompeii	0	1900	\N	\N	Drama,Short
tt0000161	short	Leçon de danse	Leçon de danse	0	1897	\N	\N	Comedy,Short
tt0000162	short	Niagara Falls	Les chutes	0	1897	\N	1	Documentary,Short
tt0000163	short	Le planton du colonel	Le planton du colonel	0	1897	\N	\N	Comedy,Short
tt0000164	short	Le pêcheur dans le torrent	Le pêcheur dans le torrent	0	1897	\N	1	Comedy,Short
tt0000165	short	Riña en un café	Riña en un café	0	1897	\N	1	Short
tt0000166	short	Salida de los trabajadores de la fábrica España Industrial	Salida de los trabajadores de la fábrica España Industrial	0	1897	\N	1	Documentary,Short
tt0000167	short	Salida de misa de doce del Pilar de Zaragoza	Salida de misa de doce del Pilar de Zaragoza	0	1897	\N	\N	Documentary,Short
tt0000168	short	Salida del público de la iglesia parroquial de Santa María de Sans	Salida del público de la iglesia parroquial de Santa María de Sans	0	1897	\N	1	Documentary,Short
tt0000169	short	Slagsmål i gamla Stockholm	Slagsmål i gamla Stockholm	0	1897	\N	1	Short
tt0000170	short	The Twins' Tea Party	The Twins' Tea Party	0	1896	\N	1	Comedy,Short
tt0000171	short	Une nuit agitée	Une nuit agitée	0	1897	\N	\N	Comedy,Short
tt0000172	short	The X-Ray Fiend	The X-Ray Fiend	0	1897	\N	1	Comedy,Horror,Short
tt0000173	short	Battle of Santiago Bay	Battle of Santiago Bay	0	1898	\N	\N	Short,War
tt0000174	short	Výstavní párkar a lepic plakátù	Výstavní párkar a lepic plakátù	0	1898	\N	1	Comedy,Short
tt0000175	short	A Sea Cave Near Lisbon	A Sea Cave Near Lisbon	0	1896	\N	1	Documentary,Short
tt0000176	short	Brittania	Brittania	0	1898	\N	\N	Short
tt0000177	short	The Burglar on the Roof	The Burglar on the Roof	0	1898	\N	1	Crime,Short
tt0000178	short	The Cavalier's Dream	The Cavalier's Dream	0	1898	\N	1	Horror,Short
tt0000179	short	The Cave of the Demons	La caverne maudite	0	1898	\N	\N	Horror,Short
tt0000180	short	Le chemin de croix	Le chemin de croix	0	1898	\N	\N	Short
tt0000181	short	Cinderella	Cinderella	0	1898	\N	\N	Fantasy,Short
tt0000182	short	Come Along, Do!	Come Along, Do!	0	1898	\N	1	Comedy,Short
tt0000183	short	The Corsican Brothers	The Corsican Brothers	0	1898	\N	\N	Drama,Short
tt0000184	short	Cripple Creek Bar-Room Scene	Cripple Creek Bar-Room Scene	0	1899	\N	1	Short,Western
tt0000185	short	La crèche à Bethléem	La crèche à Bethléem	0	1898	\N	\N	Short
tt0000186	short	Le cuirassé Maine	Le cuirassé Maine	0	1898	\N	\N	Short,War
tt0000187	short	La cène	La cène	0	1898	\N	1	Short
tt0000188	short	The Deserter	The Deserter	0	1898	\N	\N	Drama,Short
tt0000189	short	Dorotea	Dorotea	0	1898	\N	\N	Short
tt0000190	short	Dostavenícko ve mlýnici	Dostavenícko ve mlýnici	0	1898	\N	1	Comedy,Short
tt0000191	short	Déménagement à la cloche de bois	Déménagement à la cloche de bois	0	1898	\N	\N	Short
tt0000192	short	Ella Lola, a la Trilby	Ella Lola, a la Trilby	0	1898	\N	\N	Short
tt0000193	short	L'entrée à Jérusalem	L'entrée à Jérusalem	0	1898	\N	\N	Short
tt0000194	short	Express Train on a Railway Cutting	Express Train on a Railway Cutting	0	1898	\N	\N	Documentary,Short
tt0000195	short	Les farces de Jocko	Les farces de Jocko	0	1898	\N	\N	Comedy,Short
tt0000196	short	Faust and Mephistopheles	Faust and Mephistopheles	0	1898	\N	\N	Fantasy,Short
tt0000197	short	La flagellation	La flagellation	0	1898	\N	\N	Short
tt0000198	short	La fuite en Égypte	La fuite en Égypte	0	1898	\N	\N	Short
tt0000199	short	Glasgow Fire Engine	Glasgow Fire Engine	0	1898	\N	\N	Short
tt0000200	short	Gran corrida de toros	Gran corrida de toros	0	1898	\N	\N	Documentary,Short,Sport
tt7984526	tvEpisode	263.Bölüm	263.Bölüm	0	2016	\N	\N	Drama,Romance
tt7984530	tvEpisode	264.Bölüm	264.Bölüm	0	2016	\N	\N	Drama,Romance
tt7984532	tvEpisode	Episode #1.4	Episode #1.4	0	1987	\N	\N	Drama,History
tt7984534	tvEpisode	265.Bölüm	265.Bölüm	0	2016	\N	\N	Drama,Romance
tt7984536	tvEpisode	Bikini Bulges, Graduation & Office Reunion	Bikini Bulges, Graduation & Office Reunion	0	2018	\N	\N	\N
tt7984540	tvEpisode	April 2017	April 2017	0	2017	\N	\N	News
tt7984542	tvEpisode	Episode #1.5	Episode #1.5	0	1987	\N	\N	Drama,History
tt7984544	short	Hold Your Breath and Brace for the Crash	Hold Your Breath and Brace for the Crash	0	2007	\N	3	Music,Short
tt7984546	tvEpisode	Episode #1.6	Episode #1.6	0	1987	\N	\N	Drama,History
tt7984548	tvEpisode	Letzte Ruhe	Letzte Ruhe	0	2017	\N	\N	Comedy
tt7984550	tvEpisode	Episode #1.7	Episode #1.7	0	1987	\N	\N	Drama,History
tt7984552	tvEpisode	May 2017	May 2017	0	2017	\N	\N	News
tt7984554	tvEpisode	Episode #1.8	Episode #1.8	0	1987	\N	\N	Drama,History
tt7984556	tvEpisode	Episode #1.8	Episode #1.8	0	1991	\N	\N	History
tt7984558	tvEpisode	Chris and the Colorful Chickens	Chris and the Colorful Chickens	0	2018	\N	\N	Family
tt7984560	tvEpisode	SUPER BOWL 52 GO EAGLES EXTRAVAGANZA! - Madden 18 (PS4)	SUPER BOWL 52 GO EAGLES EXTRAVAGANZA! - Madden 18 (PS4)	0	2018	\N	\N	Comedy
tt7984564	tvEpisode	Scratching the Surface	Scratching the Surface	0	2018	\N	\N	Family
tt7984568	tvEpisode	Episode #1.9	Episode #1.9	0	1987	\N	\N	Drama,History
tt7984570	short	Somnum	Somnum	0	2018	\N	\N	Drama,Short
tt7984572	tvEpisode	June 2017	June 2017	0	2017	\N	\N	News
tt7984574	tvEpisode	Episode #1.10	Episode #1.10	0	1987	\N	\N	Drama,History
tt7984580	tvEpisode	Episode #1.11	Episode #1.11	0	1987	\N	\N	Drama,History
tt7984582	tvEpisode	July 2017	July 2017	0	2017	\N	\N	News
tt7984584	tvEpisode	Episode #1.12	Episode #1.12	0	1987	\N	\N	Drama,History
tt7984588	tvEpisode	Episode #1.13	Episode #1.13	0	1987	\N	\N	Drama,History
tt7984590	tvEpisode	Superheroes	Superheroes	0	2015	\N	\N	Animation,Comedy,Family
tt7984592	tvEpisode	Episode #1.2	Episode #1.2	0	\N	\N	\N	Crime,Drama
tt7984594	tvEpisode	31st January 2018 Late News	31st January 2018 Late News	0	2018	\N	\N	News
tt7984596	tvEpisode	Episode #1.14	Episode #1.14	0	1987	\N	\N	Drama,History
tt7984598	short	Coffee Notes	Coffee Notes	0	2018	\N	11	Drama,Short
tt7984600	tvEpisode	Episode #1.3	Episode #1.3	0	\N	\N	\N	Crime,Drama
tt7984602	tvEpisode	August 2017	August 2017	0	2017	\N	\N	News
tt7984606	tvEpisode	Episode #1.4	Episode #1.4	0	\N	\N	\N	Crime,Drama
tt7984608	tvEpisode	Episode #1.5	Episode #1.5	0	\N	\N	\N	Crime,Drama
tt7984610	tvEpisode	Episode #1.6	Episode #1.6	0	\N	\N	\N	Crime,Drama
tt7984612	tvEpisode	Episode #1.7	Episode #1.7	0	\N	\N	\N	Crime,Drama
tt7984614	tvEpisode	Episode #1.15	Episode #1.15	0	1987	\N	\N	Drama,History
tt7984616	movie	Lost Hearts	Lost Hearts	0	2018	\N	40	Mystery
tt7984618	tvEpisode	Casas Embrujadas	Casas Embrujadas	0	1996	\N	\N	\N
tt7984620	tvEpisode	Episode #1.8	Episode #1.8	0	\N	\N	\N	Crime,Drama
tt7984622	tvEpisode	Episode #1.9	Episode #1.9	0	\N	\N	\N	Crime,Drama
tt7984624	tvEpisode	Episode #1.16	Episode #1.16	0	1987	\N	\N	Drama,History
tt7984626	tvEpisode	Episode #1.17	Episode #1.17	0	1987	\N	\N	Drama,History
tt7984628	tvEpisode	Episode #1.10	Episode #1.10	0	\N	\N	\N	Crime,Drama
tt7984630	tvEpisode	Poderes Inexplicables	Poderes Inexplicables	0	1996	\N	\N	\N
tt7984634	tvEpisode	September 2017	September 2017	0	2017	\N	\N	News
tt7984636	tvEpisode	Episode #1.18	Episode #1.18	0	1987	\N	\N	Drama,History
tt7984640	tvEpisode	Tocaste mi Cuerpo y Envenenaste mi Alma	Tocaste mi Cuerpo y Envenenaste mi Alma	0	1999	\N	\N	\N
tt7984642	tvEpisode	A sors akarata	A sors akarata	0	1983	\N	\N	Drama,History,Romance
tt7984646	tvEpisode	Entrevista a Verónica Castro	Entrevista a Verónica Castro	0	1998	\N	\N	\N
tt7984652	tvEpisode	October 2017	October 2017	0	2017	\N	\N	News
tt7984656	movie	Pompeii, Oregon	Pompeii, Oregon	0	2017	\N	82	Animation
tt7984660	tvEpisode	Episode #2.2	Episode #2.2	0	\N	\N	\N	Drama
tt7984662	tvEpisode	Episode #2.3	Episode #2.3	0	\N	\N	\N	Drama
tt7984664	tvEpisode	November 2017	November 2017	0	2017	\N	\N	News
tt7984666	short	Saturn Voyager	Saturn Voyager	0	2017	\N	8	Animation,Fantasy,Sci-Fi
tt7984668	tvEpisode	Episode #2.4	Episode #2.4	0	\N	\N	\N	Drama
tt7984674	tvEpisode	Episode #2.5	Episode #2.5	0	\N	\N	\N	Drama
tt7984678	tvEpisode	Episode #4.13	Episode #4.13	0	2018	\N	\N	Action,Adventure,Drama
tt7984680	tvEpisode	Episode #2.6	Episode #2.6	0	\N	\N	\N	Drama
tt7984682	tvEpisode	Episode #2.7	Episode #2.7	0	2010	\N	\N	Drama
tt7984684	tvEpisode	Episode #4.14	Episode #4.14	0	2018	\N	\N	Action,Adventure,Drama
tt7984686	tvEpisode	December 2017	December 2017	0	2017	\N	\N	News
tt7984690	short	Ribbons: Weapons Test Trumpet	Ribbons: Weapons Test Trumpet	0	2018	\N	6	Drama,Short
tt7984692	tvEpisode	Yoshie Lewis	Yoshie Lewis	0	2018	\N	\N	Documentary
tt7984694	short	Surprise	Surprise	0	2017	\N	\N	Short,Thriller
tt7984696	tvEpisode	The Role of Stress	The Role of Stress	0	2018	\N	\N	Documentary
tt7984698	movie	A Painter Who Farms	A Painter Who Farms	0	2018	\N	50	Documentary
tt7984700	tvEpisode	Fact Not Fate	Fact Not Fate	0	2018	\N	\N	Documentary
tt7984702	tvEpisode	Building a Strong Foundation	Building a Strong Foundation	0	2018	\N	\N	Documentary
tt7984706	short	Memories	Memories	0	2017	\N	3	Romance,Short
tt7984708	tvEpisode	The Craziest Star Wars Directors Picks	The Craziest Star Wars Directors Picks	0	2018	\N	\N	Talk-Show
tt7984710	tvEpisode	Community Involvement	Community Involvement	0	2018	\N	\N	Documentary
tt7984712	tvEpisode	Initiatives and Solutions	Initiatives and Solutions	0	2018	\N	\N	Documentary
tt7984714	short	Shade	Shade	0	2017	\N	\N	Comedy,Short,Thriller
tt7984716	short	The Purple Vibe Rises	The Purple Vibe Rises	0	2017	\N	\N	Action,Comedy,Short
tt7984718	tvEpisode	Life in 2017	Life in 2017	0	2018	\N	\N	News
tt7984720	tvShort	Dru's Podcast for the End of the World	Dru's Podcast for the End of the World	0	2017	\N	18	Adventure,Comedy,Drama
tt7984722	tvEpisode	Episode #1.19	Episode #1.19	0	2017	\N	\N	Drama
tt7984724	tvEpisode	Episode dated 8 February 2018	Episode dated 8 February 2018	0	2018	\N	\N	News
tt7984728	video	What Jordan Peterson Can't Do	What Jordan Peterson Can't Do	0	2018	\N	27	News,Short
tt7984730	movie	Spiele mit Bart: The Movie feat. Night Trap	Spiele mit Bart: The Movie feat. Night Trap	0	2018	\N	147	Comedy
tt7984732	tvEpisode	Once Upon a Christmas Star - Pt.VI	Once Upon a Christmas Star - Pt.VI	0	2010	\N	\N	Comedy
tt7984738	movie	Full as the Moon	Full as the Moon	0	2018	\N	5	\N
tt7984740	tvEpisode	Once Upon a Christmas Star - Pt.VII	Once Upon a Christmas Star - Pt.VII	0	2010	\N	\N	Comedy
tt7984742	tvSeries	Masum Degiliz	Masum Degiliz	0	2018	\N	120	Drama
tt7984744	tvSeries	Héroes de la comunidad	Héroes de la comunidad	0	2012	\N	\N	Documentary
tt7984752	short	Project Proxima	Project Proxima	0	2013	\N	17	Drama,Sci-Fi,Short
tt7984756	tvSeries	Fellatio Japan	Fellatio Japan	1	2013	\N	\N	\N
tt7984758	short	Chicorrey	Chicorrey	0	2017	\N	\N	Horror,Short
tt7984760	tvMiniSeries	Solid	Solid	0	2017	2017	\N	Drama
tt7984762	movie	Original Body of Pain	Original Body of Pain	0	2018	\N	55	Documentary
tt7984764	tvEpisode	Men's Rights Activist: 'The Last Jedi' Edit Sans Women; Sigh?	Men's Rights Activist: 'The Last Jedi' Edit Sans Women; Sigh?	0	2018	\N	\N	Comedy
tt7984770	tvEpisode	Hanging by a Wire	Hanging by a Wire	0	2018	\N	\N	Adventure
tt7984772	tvEpisode	Anyone Up for a Game of Tennis?	Anyone Up for a Game of Tennis?	0	2017	\N	\N	Comedy
tt7984774	short	Florida Man	Florida Man	0	2018	\N	15	Short
tt7984776	tvEpisode	The Ghost Girl Upstairs	The Ghost Girl Upstairs	0	2018	\N	\N	Horror
tt7984780	tvEpisode	Wikipedia	Wikipedia	0	2018	\N	\N	Comedy
tt7984782	tvEpisode	Monster Hunter World - Part 4: On the Hunt!	Monster Hunter World - Part 4: On the Hunt!	0	2018	\N	\N	Comedy,Short,Talk-Show
tt7984792	tvEpisode	First Face of America	First Face of America	0	2018	\N	\N	Biography,Documentary
tt7984796	tvEpisode	The Life of a Vlogger	The Life of a Vlogger	0	2018	\N	\N	Comedy
tt7984800	tvEpisode	Episode #6.4	Episode #6.4	0	1980	\N	\N	News,Sport,Talk-Show
tt7984802	tvSeries	Fastlife	Fastlife	0	2017	\N	\N	Sport
tt7984812	tvSeries	Kill Me	Kill Me	0	2018	\N	\N	Comedy
tt7984814	tvEpisode	Episode dated 13 October 2005	Episode dated 13 October 2005	0	2005	\N	\N	\N
tt7984816	tvEpisode	Episode #1.20	Episode #1.20	0	2017	\N	\N	Drama
tt7984818	tvEpisode	The Amazing Story of Shackleton	The Amazing Story of Shackleton	0	2004	\N	\N	History
tt7984820	tvEpisode	The Derbyshire: Disaster at Sea	The Derbyshire: Disaster at Sea	0	2004	\N	\N	History
tt7984822	videoGame	Hola Ma	Hola Ma	0	2017	\N	\N	Drama
tt7984824	tvEpisode	Episode #14.5	Episode #14.5	0	1988	\N	\N	News,Sport,Talk-Show
tt7984826	movie	Meow Wolf: Origin Story	Meow Wolf: Origin Story	0	2018	\N	\N	\N
tt7984830	tvEpisode	Bella Amore's Cum Facial	Bella Amore's Cum Facial	1	2009	\N	10	Adult
tt7984832	tvEpisode	Busty Claire's Cum Covered Tits	Busty Claire's Cum Covered Tits	1	2009	\N	\N	Adult
tt7984834	tvSeries	Village SOS	Village SOS	0	2011	2012	\N	\N
tt7984836	tvEpisode	Episode #9.19	Episode #9.19	0	2018	\N	\N	Family,Reality-TV
tt7984838	tvEpisode	Episode #9.20	Episode #9.20	0	2018	\N	\N	Family,Reality-TV
tt7984840	movie	Rukus	Rukus	0	2018	\N	\N	\N
tt7984842	movie	Thy Kingdom Come	Thy Kingdom Come	0	2018	\N	\N	\N
tt7984844	tvSeries	The AUX: Aboriginal Unity Experience	The AUX: Aboriginal Unity Experience	0	2015	\N	\N	Music
tt7984846	tvEpisode	Pretty Anal Whore Casey Calvert Gets Two Big Cocks at Once from Mick Blue and Markus Dupree AB004	Pretty Anal Whore Casey Calvert Gets Two Big Cocks at Once from Mick Blue and Markus Dupree AB004	1	2018	\N	\N	Adult
tt7984848	movie	Ta Ta Sarai Bigris Ni Badri	Ta Ta Sarai Bigris Ni Badri	0	2000	\N	\N	Comedy,Drama
tt7984850	video	The Clintons Received Millions from Moscow, According to FBI Informant, on Uranium One Deal	The Clintons Received Millions from Moscow, According to FBI Informant, on Uranium One Deal	0	2018	\N	9	News,Short
tt7984852	movie	Unmei no mori	Unmei no mori	0	1994	\N	\N	Drama
tt7984856	tvEpisode	Episode #2.80	Episode #2.80	0	2018	\N	\N	Drama
tt7984860	tvSeries	Studio 49	Studio 49	0	2018	\N	\N	Music
tt7984864	tvEpisode	Throwing Thieving Cat Burglar Out With the Trash!	Throwing Thieving Cat Burglar Out With the Trash!	1	2014	\N	\N	Adult
tt7984866	tvEpisode	If You Tease You Please	If You Tease You Please	1	2014	\N	\N	Adult
tt7984868	tvEpisode	Dirty Webcam Model Caught, Tied and Hooded by Hose	Dirty Webcam Model Caught, Tied and Hooded by Hose	1	2014	\N	\N	Adult
tt7984872	tvEpisode	Slutty Mistresses Revenge	Slutty Mistresses Revenge	1	2014	\N	\N	Adult
tt7984874	tvEpisode	Barely Legal Tender Roomie Violation	Barely Legal Tender Roomie Violation	1	2014	\N	\N	Adult
tt7984878	video	Dhee	Dhee	0	2017	\N	\N	Drama,Family,Short
tt7984880	tvEpisode	Payback for My Rowdy 19 Year Old Bitch Neighbors!	Payback for My Rowdy 19 Year Old Bitch Neighbors!	1	2014	\N	\N	Adult
tt7984884	tvEpisode	Hey!! Your Not the Realty Broker	Hey!! Your Not the Realty Broker	1	2014	\N	\N	Adult
tt7984886	tvEpisode	Kelly's Audition and First Time Tied!	Kelly's Audition and First Time Tied!	1	\N	\N	\N	Adult
tt7984888	tvEpisode	Lil De Fin	Lil De Fin	0	\N	\N	\N	Talk-Show
tt7984890	movie	The Man Who Saved Paris	The Man Who Saved Paris	0	2019	\N	\N	Romance
tt7984892	tvEpisode	Roommates Roped & Robbed	Roommates Roped & Robbed	1	\N	\N	\N	Adult
tt7984894	tvEpisode	Episode #1.1	Episode #1.1	0	\N	\N	\N	Comedy
tt7984896	tvEpisode	Chrissy Fulfills Your Handcuff Fantasy	Chrissy Fulfills Your Handcuff Fantasy	1	\N	\N	\N	Adult
tt7984900	tvEpisode	Box Tied & Ballgagged	Box Tied & Ballgagged	1	\N	\N	\N	Adult
tt7984902	tvEpisode	Chrissy the Burglar vs Detective Star	Chrissy the Burglar vs Detective Star	1	\N	\N	\N	Adult
tt7984904	tvEpisode	A Full Pack Of Light Ups	A Full Pack Of Light Ups	1	\N	\N	\N	Adult
tt7984908	tvEpisode	The Elevator Stalker	The Elevator Stalker	1	\N	\N	\N	Adult
tt7984910	tvEpisode	Malicious Maintenance	Malicious Maintenance	1	\N	\N	\N	Adult
tt7984912	tvEpisode	Malicious Maintenance Pt. 1	Malicious Maintenance Pt. 1	1	\N	\N	\N	Adult
tt7984916	tvEpisode	Malicious Maintenance Pt. 2	Malicious Maintenance Pt. 2	1	\N	\N	\N	Adult
tt7984918	tvEpisode	Trussed Up Peril In Pajamas	Trussed Up Peril In Pajamas	1	\N	\N	\N	Adult
tt7984920	tvEpisode	Chrissy's Double Teamed Torment	Chrissy's Double Teamed Torment	1	\N	\N	\N	Adult
tt7984922	tvSeries	Take the Dive	Take the Dive	0	2018	\N	\N	Reality-TV
tt7984938	tvEpisode	Tied Up Behind His Back!	Tied Up Behind His Back!	1	\N	\N	\N	\N
tt7984944	short	Entre Hilos	Entre Hilos	0	2017	\N	\N	Documentary,Short
tt7984956	tvEpisode	Bound In Black Lingerie & Rope	Bound In Black Lingerie & Rope	1	\N	\N	\N	Adult
tt7984958	tvEpisode	Frog Tied In My Turtleneck	Frog Tied In My Turtleneck	1	\N	\N	\N	Adult
tt7984962	tvSeries	The Just a Random Stan Show	The Just a Random Stan Show	0	2017	\N	\N	Talk-Show
tt7984964	tvEpisode	Playing With Smoke & Light	Playing With Smoke & Light	1	\N	\N	\N	Adult
tt7984968	tvEpisode	The Struggle for Domination	The Struggle for Domination	1	\N	\N	\N	Adult
tt7984970	video	Sulaghadi Mitti	Sulaghadi Mitti	0	2017	\N	19	Family,Short
tt7984972	tvEpisode	Catburglar Chrissy Gets Caught!	Catburglar Chrissy Gets Caught!	1	\N	\N	\N	Adult
tt7984974	tvEpisode	Oscar Isaac Talks Poe Dameron's Backstory In Star Wars The Force Awakens	Oscar Isaac Talks Poe Dameron's Backstory In Star Wars The Force Awakens	0	\N	\N	\N	News
tt7984976	tvEpisode	The Math Teacher: A Wrong Room Story	The Math Teacher: A Wrong Room Story	1	\N	\N	\N	Adult
tt7984978	tvEpisode	Bound & Burgled In Her Jean Jacket & Boots	Bound & Burgled In Her Jean Jacket & Boots	1	\N	\N	\N	Adult
tt7984980	tvEpisode	Adam Driver Says Kylo Ren's Lightsaber A Metaphor For Character	Adam Driver Says Kylo Ren's Lightsaber A Metaphor For Character	0	\N	\N	\N	News
tt7984984	tvEpisode	Suspiciously Put To Sleep	Suspiciously Put To Sleep	1	\N	\N	\N	Adult
tt7984990	tvEpisode	Marlboro Lights & Lace Gloves	Marlboro Lights & Lace Gloves	1	\N	\N	\N	Adult
tt7984992	tvEpisode	Brutally Bound & Gagged By Two Bad Guys!	Brutally Bound & Gagged By Two Bad Guys!	1	\N	\N	\N	Adult
tt7984996	tvEpisode	Gwendoline Christie On First Female Star Wars Villain & Best Yoda Impression	Gwendoline Christie On First Female Star Wars Villain & Best Yoda Impression	0	\N	\N	\N	News
tt7984998	tvEpisode	Party Girls In Peril	Party Girls In Peril	1	\N	\N	\N	Adult
tt7985000	tvEpisode	Captured After Cheer Practice	Captured After Cheer Practice	1	\N	\N	\N	Adult
tt7985002	tvEpisode	Secretary Bound For Discipline	Secretary Bound For Discipline	1	\N	\N	\N	Adult
tt7985004	tvEpisode	Secretary Spanked For Discipline	Secretary Spanked For Discipline	1	\N	\N	\N	Adult
tt7985006	tvEpisode	Lupita Nyong'o Shares Advice Andy Serkis Gave Her On Star Wars The Force Awakens	Lupita Nyong'o Shares Advice Andy Serkis Gave Her On Star Wars The Force Awakens	0	\N	\N	\N	News
tt7985008	tvEpisode	Hogtied During The Heist	Hogtied During The Heist	1	\N	\N	\N	Adult
tt7985010	tvEpisode	Roped Up Realtor Revenge	Roped Up Realtor Revenge	1	\N	\N	\N	Adult
tt7985012	tvEpisode	Deep Sleep Study	Deep Sleep Study	1	\N	\N	\N	Adult
tt7985016	tvEpisode	His Bitter Wife Tied Up The Babysitter So He Bound & Gagged Her Too!	His Bitter Wife Tied Up The Babysitter So He Bound & Gagged Her Too!	1	\N	\N	\N	Adult
tt7985018	tvEpisode	The House Wont Be The Only Thing For Sale!	The House Wont Be The Only Thing For Sale!	1	\N	\N	\N	Adult
tt7985020	tvEpisode	Early Morning Marlboro	Early Morning Marlboro	1	\N	\N	\N	Adult
tt7985022	tvEpisode	Tightly Knotted In Nylons	Tightly Knotted In Nylons	1	\N	\N	\N	Adult
tt7985024	tvEpisode	Chrissy & Tilly's Tough Tape Escape	Chrissy & Tilly's Tough Tape Escape	1	\N	\N	\N	Adult
tt7985026	tvEpisode	Chrissy's Quick Smoke Break	Chrissy's Quick Smoke Break	1	\N	\N	\N	Adult
tt7985028	tvEpisode	Tied Up In My Tight Red Turtleneck	Tied Up In My Tight Red Turtleneck	1	\N	\N	\N	Adult
tt7985030	tvEpisode	Frozen & Fondled	Frozen & Fondled	1	\N	\N	\N	Adult
tt7985032	tvEpisode	Mummified Lesson In Modesty	Mummified Lesson In Modesty	1	\N	\N	\N	Adult
tt7985034	tvEpisode	Torturously Toe Tied To Her Gag	Torturously Toe Tied To Her Gag	1	\N	\N	\N	Adult
tt7985036	tvEpisode	Suggestive Babysitter Gets Strapped	Suggestive Babysitter Gets Strapped	1	\N	\N	\N	Adult
tt7985038	short	Only Fools Rush In	Only Fools Rush In	0	2018	\N	13	Comedy,Drama,Short
tt7985044	tvEpisode	Dolly Discipline	Dolly Discipline	1	\N	\N	\N	Adult
tt7985048	tvEpisode	Piggy In a Hogtie	Piggy In a Hogtie	1	\N	\N	\N	Adult
tt7985050	tvEpisode	Whitney Wright Gets Help Stretching Her Holes	Whitney Wright Gets Help Stretching Her Holes	1	\N	\N	\N	Adult
tt7985054	tvEpisode	Campside Cheat	Campside Cheat	1	\N	\N	\N	Adult
tt7985056	tvEpisode	Hot alternative German minx XXX Fit Sandy fucks horny stranger on couch	Hot alternative German minx XXX Fit Sandy fucks horny stranger on couch	1	\N	\N	\N	Adult
tt7985058	tvEpisode	Teen Wants Cum On Her Face	Teen Wants Cum On Her Face	1	\N	\N	\N	Adult
tt7985060	tvEpisode	French Canadian amateur Jenifer fucked for the first time on camera	French Canadian amateur Jenifer fucked for the first time on camera	1	\N	\N	\N	Adult
tt7985062	tvEpisode	Naughty Latina Veronica Marin gets her meat pocket fucked wildly	Naughty Latina Veronica Marin gets her meat pocket fucked wildly	1	\N	\N	\N	Adult
tt7985064	tvEpisode	Quand ça tourne au cauchemar...	Quand ça tourne au cauchemar...	0	\N	\N	\N	Comedy,Drama,Family
tt7985066	tvEpisode	Sexy redhead Latina amateur is in for a hardcore oily pickup and fuck	Sexy redhead Latina amateur is in for a hardcore oily pickup and fuck	1	\N	\N	\N	Adult
tt7985078	tvEpisode	Episode #1.1	Episode #1.1	0	\N	\N	\N	Animation
tt7985080	tvEpisode	Episode #13.13	Episode #13.13	0	\N	\N	\N	Comedy,Music,Talk-Show
tt7985082	tvEpisode	Skinny Latina waitress with glasses gets facial in steamy pickup and fuck	Skinny Latina waitress with glasses gets facial in steamy pickup and fuck	1	\N	\N	\N	Adult
tt7985084	movie	Gregory and Indian 2 Chapter 2	Gregory and Indian 2 Chapter 2	0	2010	\N	\N	Comedy,Short
